<application>
  <component name="ProjectJdkTable">
    <jdk version="2">
      <name value="Python 3.7 (chrome2excel)" />
      <type value="Python SDK" />
      <version value="Python 3.7.0" />
      <homePath value="C:\vliopard\workspace\chrome2excel\venv\Scripts\python.exe" />
      <roots>
        <classPath>
          <root type="composite">
            <root url="file://C:/vliopard/programs/python/DLLs" type="simple" />
            <root url="file://C:/vliopard/programs/python/Lib" type="simple" />
            <root url="file://C:/vliopard/programs/python" type="simple" />
            <root url="file://C:/vliopard/workspace/chrome2excel/venv" type="simple" />
            <root url="file://C:/vliopard/workspace/chrome2excel/venv/Lib/site-packages" type="simple" />
            <root url="file://$USER_HOME$/AppData/Local/JetBrains/PyCharmCE2020.1/python_stubs/1813587937" type="simple" />
            <root url="file://$APPLICATION_HOME_DIR$/plugins/python-ce/helpers/python-skeletons" type="simple" />
            <root url="file://$APPLICATION_HOME_DIR$/plugins/python-ce/helpers/typeshed/stdlib/3.7" type="simple" />
            <root url="file://$APPLICATION_HOME_DIR$/plugins/python-ce/helpers/typeshed/stdlib/3" type="simple" />
            <root url="file://$APPLICATION_HOME_DIR$/plugins/python-ce/helpers/typeshed/stdlib/2and3" type="simple" />
            <root url="file://$APPLICATION_HOME_DIR$/plugins/python-ce/helpers/typeshed/third_party/3" type="simple" />
            <root url="file://$APPLICATION_HOME_DIR$/plugins/python-ce/helpers/typeshed/third_party/2and3" type="simple" />
          </root>
        </classPath>
        <sourcePath>
          <root type="composite" />
        </sourcePath>
      </roots>
      <additional ASSOCIATED_PROJECT_PATH="C:/vliopard/workspace/chrome2excel" />
    </jdk>
  </component>
</application>